document_id,clean_text,sentiment
1,"A visual masterpiece that redefined cinema. Cameron's world-building is unparalleled.",positive
2,"Stunning visuals can't make up for a derivative plot. Feels like 'Dances with Wolves' in space.",negative
3,"The movie is visually impressive but the story is somewhat predictable.",neutral
4,"Avatar is a groundbreaking achievement in special effects and 3D technology.",positive
5,"The plot is unoriginal and the characters are flat. All style, no substance.",negative
6,"While the visuals are breathtaking, the narrative lacks depth.",neutral
7,"An immersive experience that transports you to another world. Simply magical.",positive
8,"Overlong and preachy. The environmental message feels heavy-handed.",negative
9,"The film has its strengths and weaknesses, balancing spectacular visuals with a familiar story.",neutral
10,"The creativity and detail in the alien world of Pandora is mind-blowing.",positive
11,"A cliché-ridden story wrapped in pretty CGI. Disappointing given the hype.",negative
12,"Avatar offers impressive visuals but falls short in character development.",neutral
13,"Revolutionary filmmaking that pushes the boundaries of what's possible in cinema.",positive
14,"The dialogue is cheesy and the plot is predictable. A letdown.",negative
15,"The film has its moments, both good and bad, making it an average blockbuster.",neutral
16,"A visual feast for the eyes with a powerful message about nature and humanity.",positive
17,"Overhyped and underwhelming. The story is a rehash of old tropes.",negative
18,"The film's technical achievements are impressive, but the story is nothing new.",neutral
19,"Avatar creates a fully realized alien world that's both beautiful and believable.",positive
20,"The characters are one-dimensional and the plot is full of holes.",negative
21,"While visually stunning, the film's pacing can be slow at times.",neutral
22,"An epic adventure that combines cutting-edge technology with heartfelt storytelling.",positive
23,"The movie relies too heavily on special effects to mask its weak script.",negative
24,"Avatar is a mixed bag, with incredible visuals but a somewhat formulaic plot.",neutral
25,"A game-changer in film technology that also delivers an emotional punch.",positive
26,"Overrated and simplistic. The 'noble savage' trope is problematic.",negative
27,"The film has its strengths in visuals but weaknesses in originality.",neutral
28,"Breathtaking scenery and action sequences make this a must-see cinematic experience.",positive
29,"The movie's message is ham-fisted and the characters are poorly developed.",negative
30,"Avatar is visually impressive but narratively conventional.",neutral
31,"A triumph of imagination and technology that creates a truly alien yet relatable world.",positive
32,"Boring and predictable. The visuals can't save the weak storyline.",negative
33,"The film's environmental themes are thought-provoking, but the plot is familiar.",neutral
34,"An immersive journey into a fantastical world with a powerful ecological message.",positive
35,"Style over substance. The plot is a rehash of colonial narratives.",negative
36,"The visual effects are groundbreaking, but the story feels recycled.",neutral
37,"A visual spectacle that pushes the boundaries of filmmaking technology.",positive
38,"Overly long and self-indulgent. The story doesn't justify the runtime.",negative
39,"Avatar balances impressive visuals with a somewhat predictable narrative.",neutral
40,"An awe-inspiring adventure that showcases the power of imagination in cinema.",positive
41,"The characters are stereotypical and the plot is full of convenient coincidences.",negative
42,"While visually stunning, the film's plot and dialogue are rather conventional.",neutral
43,"A cinematic marvel that creates a fully realized alien ecosystem.",positive
44,"The movie's attempt at depth falls flat, relying on tired tropes and clichés.",negative
45,"Avatar's technical achievements are impressive, but its story is familiar territory.",neutral
46,"A visually stunning and emotionally resonant sci-fi epic.",positive
47,"Overambitious and underwhelming. The hype doesn't match the final product.",negative
48,"The film has its moments of brilliance and mediocrity in equal measure.",neutral
49,"A groundbreaking film that pushes the envelope of what's possible in cinema.",positive
50,"Beautiful to look at, but ultimately hollow. Style cannot replace substance.",negative